Timestamp,Which University was your (last) graduate degree from?,When did you graduate from your (last) graduate program?,What was your (last) graduate program level?,How many data analysis / econometrics  data science courses did you have during your (last) graduate program?,"Within the curriculum of your last graduate program, did you learn to code in any of the following languages? (tick as many as needed)",What do you do currently? ,"Recently in your job (up to two years past) have you done any data analysis (such as descriptive analysis, prediction, causal inference)?",Recently in your job (up to two years past) have you used any of these coding languages? Tick as many as relevant,Which language do you feel the most proficient in?
28/10/2022 15:54:56, CEU,01/05/2020,"Masters (MA, MS, MPhil, MBA)",Many (5+),R,Business (any for-profit & non education institution),Yes,"R, Python",R
28/10/2022 16:41:25,CEU,10/06/2021,"Masters (MA, MS, MPhil, MBA)",Many (5+),"R, Python",Business (any for-profit & non education institution),Yes,"R, Python",R
28/10/2022 18:42:05,CEU,30/06/2020,"Masters (MA, MS, MPhil, MBA)",Many (5+),R,Business (any for-profit & non education institution),No,Python,Python
28/10/2022 19:47:55,Tilburg University ,20/08/2020,"Masters (MA, MS, MPhil, MBA)",Many (5+),"Stata, R, Other (such as SPSS, SAS, Julia, Matlab)",Study,Yes,"Stata, R",Stata
29/10/2022 09:47:46,CEU,29/06/2022,"Masters (MA, MS, MPhil, MBA)",Many (5+),"Stata, Other (such as SPSS, SAS, Julia, Matlab)",Business (any for-profit & non education institution),Yes,"R, Python",Python
29/10/2022 10:43:15,CEU,01/05/2014,"Masters (MA, MS, MPhil, MBA)",A few (2-4),Stata,Business (any for-profit & non education institution),Yes,R,R
29/10/2022 10:45:06,ceu,01/06/2019,"Masters (MA, MS, MPhil, MBA)",Many (5+),"Stata, R, Python","Work in academia (research institution, university other educational institution; in any scientific position)",Yes,Python,Python
29/10/2022 15:59:50,CEU,30/06/2019,"Masters (MA, MS, MPhil, MBA)",Many (5+),"R, Python",Business (any for-profit & non education institution),Yes,R,R
29/10/2022 18:21:36,Barcelona School of University,11/07/2022,"Masters (MA, MS, MPhil, MBA)",Many (5+),"Stata, R, Python",Business (any for-profit & non education institution),Yes,"R, Python",Python
29/10/2022 19:25:07,CEU,31/07/2018,"Masters (MA, MS, MPhil, MBA)",Many (5+),"R, Python",Business (any for-profit & non education institution),Yes,Python,Python
29/10/2022 23:13:06,CEU,01/10/2020,Phd,Many (5+),"Stata, R, Other (such as SPSS, SAS, Julia, Matlab)",Business (any for-profit & non education institution),Yes,"R, Python",R
29/10/2022 23:15:02,CEU,15/01/2022,Phd,Many (5+),"Stata, Python, Other (such as SPSS, SAS, Julia, Matlab)","Work in academia (research institution, university other educational institution; in any scientific position)",Yes,"Stata, R, Python, Other (such as SPSS, SAS, Julia, Matlab)",Stata
29/10/2022 23:30:33,ceu,01/06/2019,"Masters (MA, MS, MPhil, MBA)",Many (5+),"R, Python",Business (any for-profit & non education institution),Yes,"R, Python",R
30/10/2022 11:54:55,Central European University ,25/06/2021,"Masters (MA, MS, MPhil, MBA)",Many (5+),"R, Python",Business (any for-profit & non education institution),Yes,"R, Python",Python
31/10/2022 10:05:02,Central European University,31/07/2021,"Masters (MA, MS, MPhil, MBA)",Many (5+),"Stata, R, Python","Work in academia (research institution, university other educational institution; in any scientific position)",Yes,R,R
31/10/2022 11:50:22,Imperial College London,30/09/2019,Phd,Many (5+),R,Business (any for-profit & non education institution),Yes,"Stata, Python",R
02/11/2022 13:04:00,CEU,02/06/2015,"Masters (MA, MS, MPhil, MBA)",Many (5+),Stata,Business (any for-profit & non education institution),Yes,"R, Python",Python
02/11/2022 20:57:44,Central European University,02/06/2020,"Masters (MA, MS, MPhil, MBA)",A few (2-4),Stata,Business (any for-profit & non education institution),Yes,Python,Python
03/11/2022 09:20:54,Central European University,19/02/1997,"Masters (MA, MS, MPhil, MBA)",None / hardly any (0-1),R,Business (any for-profit & non education institution),Yes,Python,Python
03/11/2022 09:55:03,CEU,15/06/2016,"Masters (MA, MS, MPhil, MBA)",A few (2-4),"R, Python",Business (any for-profit & non education institution),Yes,Python,Python
03/11/2022 10:07:19,CEU,01/07/2020,"Masters (MA, MS, MPhil, MBA)",Many (5+),R,Business (any for-profit & non education institution),Yes,Python,Python
03/11/2022 11:42:09,Central European University,30/06/2020,"Masters (MA, MS, MPhil, MBA)",Many (5+),"R, Python",Business (any for-profit & non education institution),Yes,Python,Python
03/11/2022 19:11:40,CEU Budapest,03/05/2019,"Masters (MA, MS, MPhil, MBA)",A few (2-4),"Stata, R",Business (any for-profit & non education institution),Just a little,Python,Python
03/11/2022 20:48:47,The University of Edinburgh,30/06/2022,Phd,Many (5+),Python,Business (any for-profit & non education institution),Yes,Python,Python
04/11/2022 15:04:07,Princeton,01/06/2010,Phd,None / hardly any (0-1),"Other (such as SPSS, SAS, Julia, Matlab)","Work in academia (research institution, university other educational institution; in any scientific position)",Yes,Stata,Stata
05/11/2022 06:20:07,BSE,05/07/2018,"Masters (MA, MS, MPhil, MBA)",Many (5+),Python,Business (any for-profit & non education institution),Yes,Python,Python
06/11/2022 18:35:51,CEU,01/09/2018,"Masters (MA, MS, MPhil, MBA)",Many (5+),R,Business (any for-profit & non education institution),Yes,"R, Python",R
07/11/2022 13:33:52,CEU,01/06/2017,"Masters (MA, MS, MPhil, MBA)",Many (5+),"Stata, R, Python","Work in academia (research institution, university other educational institution; in any scientific position)",Yes,Stata,Stata
07/11/2022 14:38:40,Central Wuropean University,20/06/2017,"Masters (MA, MS, MPhil, MBA)",Many (5+),"Stata, Other (such as SPSS, SAS, Julia, Matlab)",Business (any for-profit & non education institution),Yes,"R, Python",Python
07/11/2022 19:25:44,Ceu,01/07/2017,"Masters (MA, MS, MPhil, MBA)",A few (2-4),"Stata, R, Python, Other (such as SPSS, SAS, Julia, Matlab)",Business (any for-profit & non education institution),No,"Other (such as SPSS, SAS, Julia, Matlab)",Stata
08/11/2022 11:02:07,CEU,30/06/2019,"Masters (MA, MS, MPhil, MBA)",Many (5+),"R, Python",Business (any for-profit & non education institution),Yes,"R, Python",Python
10/11/2022 00:52:38,CEU,18/06/2021,"Masters (MA, MS, MPhil, MBA)",Many (5+),"R, Python",Business (any for-profit & non education institution),Yes,"Python, Other (such as SPSS, SAS, Julia, Matlab)",R
10/11/2022 14:31:13,CEU,30/06/2021,"Masters (MA, MS, MPhil, MBA)",Many (5+),"R, Python",Business (any for-profit & non education institution),Just a little,"R, Python",Python
11/11/2022 11:06:42,CEU,16/06/2022,"Masters (MA, MS, MPhil, MBA)",Many (5+),"R, Python",Business (any for-profit & non education institution),Yes,Python,Python
14/11/2022 14:02:15,ELTE,01/07/2017,"Masters (MA, MS, MPhil, MBA)",Many (5+),"Stata, R, Other (such as SPSS, SAS, Julia, Matlab)",Business (any for-profit & non education institution),Yes,"Stata, Python, Other (such as SPSS, SAS, Julia, Matlab)",Stata
15/11/2022 01:38:52,CEU,01/06/2021,"Masters (MA, MS, MPhil, MBA)",Many (5+),"Stata, R, Python, Other (such as SPSS, SAS, Julia, Matlab)","Work in academia (research institution, university other educational institution; in any scientific position)",Yes,"Stata, R, Python",Python
15/11/2022 02:01:36,Central European University,30/08/1993,"Masters (MA, MS, MPhil, MBA)",None / hardly any (0-1),"Other (such as SPSS, SAS, Julia, Matlab)",Study,Just a little,"Other (such as SPSS, SAS, Julia, Matlab)","Other (such as SPSS, SAS, Julia, Matlab)"
15/11/2022 08:24:54,Pompeu Fabra,01/07/2005,"Masters (MA, MS, MPhil, MBA)",A few (2-4),"Stata, Other (such as SPSS, SAS, Julia, Matlab)","Government, NGO",Yes,"Stata, Other (such as SPSS, SAS, Julia, Matlab)","Other (such as SPSS, SAS, Julia, Matlab)"
15/11/2022 10:25:09,CEU,01/06/2020,"Masters (MA, MS, MPhil, MBA)",Many (5+),"R, Python",Business (any for-profit & non education institution),Yes,Python,Python
15/11/2022 10:37:07,Central European University,10/10/2011,Phd,A few (2-4),"Stata, Other (such as SPSS, SAS, Julia, Matlab)","Work in academia (research institution, university other educational institution; in any scientific position)",Yes,"Stata, R",Stata
15/11/2022 13:14:01,CEU,30/06/2016,"Masters (MA, MS, MPhil, MBA)",Many (5+),"Stata, R, Python, Other (such as SPSS, SAS, Julia, Matlab)","Work in academia (research institution, university other educational institution; in any scientific position)",Yes,Python,Python
15/11/2022 15:09:20,CEU,01/09/2016,"Masters (MA, MS, MPhil, MBA)",A few (2-4),"R, Other (such as SPSS, SAS, Julia, Matlab)",Business (any for-profit & non education institution),Yes,"R, Python, Other (such as SPSS, SAS, Julia, Matlab)",R
15/11/2022 19:27:58,Corvinus University of Budapest,30/07/2021,"Masters (MA, MS, MPhil, MBA)",Many (5+),"Stata, R, Other (such as SPSS, SAS, Julia, Matlab)",Study,Yes,"Stata, R",R
15/11/2022 21:03:40,CEU,01/08/2014,"Masters (MA, MS, MPhil, MBA)",A few (2-4),"Stata, R, Other (such as SPSS, SAS, Julia, Matlab)",Business (any for-profit & non education institution),Yes,Python,Python
17/11/2022 15:26:15,united nations university (UNU-MERIT),31/08/2022,"Masters (MA, MS, MPhil, MBA)",A few (2-4),Stata,"Work in academia (research institution, university other educational institution; in any scientific position)",Just a little,"Stata, R",R
17/11/2022 15:28:01,University of Strasbourg,12/12/2018,Phd,A few (2-4),"R, Other (such as SPSS, SAS, Julia, Matlab)","Government, NGO",Yes,R,R
17/11/2022 15:37:13,Michigan State,01/08/2021,Phd,Many (5+),Stata,"Work in academia (research institution, university other educational institution; in any scientific position)",Yes,"R, Python",R
17/11/2022 15:43:24,University of Texas at Austin,15/08/2022,Phd,A few (2-4),"Stata, R","Work in academia (research institution, university other educational institution; in any scientific position)",Yes,"Stata, R, Python",Stata
17/11/2022 15:43:42,Texas A&M,01/07/2017,Phd,Many (5+),Stata,Business (any for-profit & non education institution),Yes,Python,Python
17/11/2022 15:44:31,Agricultural University of Athens ,31/08/2008,Phd,None / hardly any (0-1),Stata,"Work in academia (research institution, university other educational institution; in any scientific position)",Yes,"Stata, R",Stata
17/11/2022 15:50:12,Zurich University ,01/04/2008,"Masters (MA, MS, MPhil, MBA)",None / hardly any (0-1),"Other (such as SPSS, SAS, Julia, Matlab)","Work in academia (research institution, university other educational institution; in any scientific position)",Yes,"Stata, R, Other (such as SPSS, SAS, Julia, Matlab)",R
17/11/2022 15:57:29,Insper ,01/04/2021,"Masters (MA, MS, MPhil, MBA)",Many (5+),"Stata, R","Government, NGO",Yes,"Stata, R, Python",R
17/11/2022 16:01:57,Paris Diderot,11/09/2017,Phd,None / hardly any (0-1),"R, Other (such as SPSS, SAS, Julia, Matlab)","Work in academia (research institution, university other educational institution; in any scientific position)",Yes,"R, Python",R
17/11/2022 16:09:30,Uiuc,15/05/2019,"Masters (MA, MS, MPhil, MBA)",Many (5+),"Stata, Python",Study,Yes,"Stata, Python",Python
17/11/2022 16:23:12,Paris School of Economics,30/06/2010,Phd,A few (2-4),"Other (such as SPSS, SAS, Julia, Matlab)","Work in academia (research institution, university other educational institution; in any scientific position)",Yes,"Stata, R, Python, Other (such as SPSS, SAS, Julia, Matlab)",R
17/11/2022 16:28:30,"Gokhale Institute of Politics and Economics, Pune, India",01/04/2017,"Masters (MA, MS, MPhil, MBA)",A few (2-4),R,"Work in academia (research institution, university other educational institution; in any scientific position)",Yes,"Stata, R, Python, Other (such as SPSS, SAS, Julia, Matlab)",Python
17/11/2022 16:37:27,Univer of Lausanne ,,"Masters (MA, MS, MPhil, MBA)",Many (5+),R,"Work in academia (research institution, university other educational institution; in any scientific position)",Yes,R,R
17/11/2022 16:42:58,Zonguldak Karaelmas University,01/06/2001,Phd,None / hardly any (0-1),R,"Work in academia (research institution, university other educational institution; in any scientific position)",Yes,R,R
17/11/2022 16:45:00,Free University Berlin,09/12/2002,"Masters (MA, MS, MPhil, MBA)",None / hardly any (0-1),"Other (such as SPSS, SAS, Julia, Matlab)","Work in academia (research institution, university other educational institution; in any scientific position)",Yes,Stata,Stata
17/11/2022 16:53:56,UNC Chapel Hill,01/07/2005,Phd,Many (5+),"Other (such as SPSS, SAS, Julia, Matlab)","Government, NGO",Yes,"Stata, R, Python, Other (such as SPSS, SAS, Julia, Matlab)",Stata
17/11/2022 16:57:10,University of Edinburgh ,01/09/2022,"Masters (MA, MS, MPhil, MBA)",Many (5+),"Stata, Python","Work in academia (research institution, university other educational institution; in any scientific position)",Yes,"Python, Other (such as SPSS, SAS, Julia, Matlab)",Python
17/11/2022 16:57:12,CEU,01/07/2006,"Masters (MA, MS, MPhil, MBA)",A few (2-4),"Stata, R",Business (any for-profit & non education institution),Yes,"Other (such as SPSS, SAS, Julia, Matlab)",Python
17/11/2022 16:58:52,University of Bern,10/10/2012,Phd,None / hardly any (0-1),"Other (such as SPSS, SAS, Julia, Matlab)","Work in academia (research institution, university other educational institution; in any scientific position)",Yes,R,R
17/11/2022 17:30:44,UCL,01/07/2018,"Masters (MA, MS, MPhil, MBA)",None / hardly any (0-1),Stata,Study,Yes,R,R
17/11/2022 17:46:38,Oxford ,01/01/2010,Phd,A few (2-4),"R, Other (such as SPSS, SAS, Julia, Matlab)","Work in academia (research institution, university other educational institution; in any scientific position)",Yes,R,R
17/11/2022 18:22:28,Brown University,30/05/2012,Phd,Many (5+),"Stata, R, Python","Government, NGO",Yes,"Stata, R, Python, Other (such as SPSS, SAS, Julia, Matlab)",Stata
17/11/2022 18:35:32,Chemical University,01/02/2002,"Masters (MA, MS, MPhil, MBA)",None / hardly any (0-1),"R, Other (such as SPSS, SAS, Julia, Matlab)",Business (any for-profit & non education institution),Yes,"R, Other (such as SPSS, SAS, Julia, Matlab)",R
17/11/2022 19:15:05,University of Missouri-Columbia,01/03/1999,Phd,Many (5+),"Other (such as SPSS, SAS, Julia, Matlab)","Work in academia (research institution, university other educational institution; in any scientific position)",Yes,"Other (such as SPSS, SAS, Julia, Matlab), Nope, none.","Other (such as SPSS, SAS, Julia, Matlab)"
17/11/2022 19:49:07,UNC Charlotte ,12/01/2018,"Masters (MA, MS, MPhil, MBA)",A few (2-4),Stata,Study,Yes,"R, Python",Python
17/11/2022 20:12:28,Columbia University,01/01/2019,"Masters (MA, MS, MPhil, MBA)",Many (5+),R,Study,Yes,R,R
17/11/2022 20:35:51,Universitat Jaume I,01/09/2021,"Masters (MA, MS, MPhil, MBA)",A few (2-4),"Stata, R",Study,No,"Nope, none.",R
17/11/2022 22:40:35,Jadavpur University ,,"Masters (MA, MS, MPhil, MBA)",Many (5+),"Stata, R, Python",Study,Yes,Stata,Stata
18/11/2022 04:38:37,Lahore University of Management Sciences ,10/06/2020,"Masters (MA, MS, MPhil, MBA)",A few (2-4),Stata,"Government, NGO",Yes,"Stata, R, Python",Stata
18/11/2022 08:02:20,KU Leuven,01/09/2021,"Masters (MA, MS, MPhil, MBA)",Many (5+),R,"Work in academia (research institution, university other educational institution; in any scientific position)",Yes,"Stata, R, Python, Other (such as SPSS, SAS, Julia, Matlab)",Stata
18/11/2022 08:34:15,Central European University,10/06/2017,"Masters (MA, MS, MPhil, MBA)",None / hardly any (0-1),"Nope, none.","Work in academia (research institution, university other educational institution; in any scientific position)",Yes,"Stata, R",R
18/11/2022 08:36:19,Vilnius University,18/07/2012,Phd,Many (5+),"Python, Other (such as SPSS, SAS, Julia, Matlab)",Business (any for-profit & non education institution),Yes,Python,Python
18/11/2022 10:09:22,"California State University, East Bay",30/06/2005,"Masters (MA, MS, MPhil, MBA)",None / hardly any (0-1),"Nope, none.",Study,Yes,"R, Python",R
18/11/2022 10:15:57,UNSW,30/07/2017,Phd,A few (2-4),Stata,"Work in academia (research institution, university other educational institution; in any scientific position)",Yes,"Stata, R",Stata
18/11/2022 10:21:25,Auburn University,04/12/2004,Phd,A few (2-4),"Other (such as SPSS, SAS, Julia, Matlab)","Work in academia (research institution, university other educational institution; in any scientific position)",Yes,"R, Other (such as SPSS, SAS, Julia, Matlab)","Other (such as SPSS, SAS, Julia, Matlab)"
18/11/2022 10:37:57,ETH Zurich,01/10/2013,Phd,A few (2-4),R,"Work in academia (research institution, university other educational institution; in any scientific position)",Yes,"Stata, R",R
18/11/2022 11:23:53,University of Washington,01/06/2018,Phd,A few (2-4),Stata,"Work in academia (research institution, university other educational institution; in any scientific position)",Yes,"Stata, R",Stata
18/11/2022 12:10:48,CEU,11/06/2022,"Masters (MA, MS, MPhil, MBA)",Many (5+),"R, Python",Business (any for-profit & non education institution),Yes,Python,Python
18/11/2022 13:31:11,University of Geneva,05/06/2021,"Masters (MA, MS, MPhil, MBA)",A few (2-4),"Stata, R","Work in academia (research institution, university other educational institution; in any scientific position)",Yes,Stata,Stata
18/11/2022 14:30:00,IISER-Pune,15/05/2021,"Masters (MA, MS, MPhil, MBA)",A few (2-4),Python,Study,Yes,Python,Python
18/11/2022 16:27:18,LSE,02/11/2022,"Masters (MA, MS, MPhil, MBA)",A few (2-4),"Stata, R","Work in academia (research institution, university other educational institution; in any scientific position)",Yes,"Stata, R",Stata
18/11/2022 17:50:08,University of Groningen ,01/06/2012,"Masters (MA, MS, MPhil, MBA)",Many (5+),"Stata, Other (such as SPSS, SAS, Julia, Matlab)","Government, NGO",Yes,R,R
18/11/2022 22:34:55,Ruhr-University Bochum,05/10/2018,"Masters (MA, MS, MPhil, MBA)",None / hardly any (0-1),"Other (such as SPSS, SAS, Julia, Matlab)","Work in academia (research institution, university other educational institution; in any scientific position)",Yes,"Other (such as SPSS, SAS, Julia, Matlab)","Other (such as SPSS, SAS, Julia, Matlab)"
19/11/2022 03:13:12,CEU,24/06/2019,"Masters (MA, MS, MPhil, MBA)",Many (5+),Stata,"Work in academia (research institution, university other educational institution; in any scientific position)",Just a little,R,Stata
19/11/2022 05:24:45,"University of Technology, Sydney ",01/06/2017,Bachelor's degree,None / hardly any (0-1),"Other (such as SPSS, SAS, Julia, Matlab)",Business (any for-profit & non education institution),Yes,"Python, Other (such as SPSS, SAS, Julia, Matlab)","Other (such as SPSS, SAS, Julia, Matlab)"
19/11/2022 07:37:52,Bologna,29/10/2020,"Masters (MA, MS, MPhil, MBA)",A few (2-4),"Stata, R",Study,Yes,"Stata, R",Stata
19/11/2022 09:42:33,Central European University,19/07/2020,"Masters (MA, MS, MPhil, MBA)",A few (2-4),"Stata, R",Study,Just a little,Stata,Stata
19/11/2022 12:01:07,University of Vienna,20/06/2021,BA,None / hardly any (0-1),Stata,Study,No,"Nope, none.",R
19/11/2022 20:36:13,Western Michigan University,01/07/2009,Phd,A few (2-4),"Stata, Other (such as SPSS, SAS, Julia, Matlab)","Government, NGO",Yes,"R, Python, Other (such as SPSS, SAS, Julia, Matlab)",R
20/11/2022 09:37:09,University of Copenhagen ,04/09/2014,Phd,None / hardly any (0-1),"Nope, none.","Work in academia (research institution, university other educational institution; in any scientific position)",Yes,"Stata, R, Other (such as SPSS, SAS, Julia, Matlab)",Stata
20/11/2022 11:58:44,ELTE,16/04/2016,Phd,Many (5+),"R, Python, Other (such as SPSS, SAS, Julia, Matlab)","Work in academia (research institution, university other educational institution; in any scientific position)",Yes,"Other (such as SPSS, SAS, Julia, Matlab)","Other (such as SPSS, SAS, Julia, Matlab)"
21/11/2022 01:16:50,The University of Leeds,31/08/2022,"Masters (MA, MS, MPhil, MBA)",A few (2-4),"R, Python",Business (any for-profit & non education institution),Yes,"R, Python",Python
21/11/2022 04:56:49,BYU,06/05/2017,"Masters (MA, MS, MPhil, MBA)",Many (5+),"R, Other (such as SPSS, SAS, Julia, Matlab)","Work in academia (research institution, university other educational institution; in any scientific position)",Yes,"Stata, R, Python",Stata
21/11/2022 13:19:49,CEU,11/06/2021,"Masters (MA, MS, MPhil, MBA)",Many (5+),R,Business (any for-profit & non education institution),No,"Nope, none.",R
21/11/2022 16:16:46,University of Glasgow,31/08/2020,"Masters (MA, MS, MPhil, MBA)",Many (5+),"R, Python",Business (any for-profit & non education institution),Yes,Python,Python
21/11/2022 18:27:24,CEU,25/06/2022,"Masters (MA, MS, MPhil, MBA)",Many (5+),"R, Python",Study,Yes,"R, Python",Python
21/11/2022 18:38:01,Tilburg University,15/07/2021,"Masters (MA, MS, MPhil, MBA)",Many (5+),"Stata, R, Python, Other (such as SPSS, SAS, Julia, Matlab)",Business (any for-profit & non education institution),Yes,R,R
21/11/2022 18:46:09,CEU,30/06/2016,"Masters (MA, MS, MPhil, MBA)",Many (5+),"Stata, R, Other (such as SPSS, SAS, Julia, Matlab)","Government, NGO",Yes,R,R
21/11/2022 18:55:44,Columbia ,04/05/2017,Phd,Many (5+),"Stata, R, Other (such as SPSS, SAS, Julia, Matlab)",Business (any for-profit & non education institution),Yes,"Stata, R, Python, Other (such as SPSS, SAS, Julia, Matlab)",Python
21/11/2022 19:05:05,University of Surrey,30/09/2021,"Masters (MA, MS, MPhil, MBA)",Many (5+),Stata,Study,Yes,"Stata, R",Stata
21/11/2022 21:05:59,CEU,01/07/2019,"Masters (MA, MS, MPhil, MBA)",Many (5+),"R, Python",Business (any for-profit & non education institution),Yes,R,R
21/11/2022 21:57:44,WU Wien,01/11/2018,"Masters (MA, MS, MPhil, MBA)",A few (2-4),"R, Other (such as SPSS, SAS, Julia, Matlab)","Work in academia (research institution, university other educational institution; in any scientific position)",Yes,"Stata, R, Other (such as SPSS, SAS, Julia, Matlab)",R
22/11/2022 09:02:44,Ceu ,30/06/2018,"Masters (MA, MS, MPhil, MBA)",Many (5+),"R, Python",Business (any for-profit & non education institution),Yes,"R, Python, Other (such as SPSS, SAS, Julia, Matlab)",Python
22/11/2022 14:24:41,University of Nairobi,07/12/2012,"Masters (MA, MS, MPhil, MBA)",A few (2-4),"Stata, Other (such as SPSS, SAS, Julia, Matlab)",Business (any for-profit & non education institution),Just a little,Stata,Stata
22/11/2022 14:51:38,Central European University ,31/05/2021,"Masters (MA, MS, MPhil, MBA)",Many (5+),"Stata, R, Python, Other (such as SPSS, SAS, Julia, Matlab)",Study,Yes,"Stata, Python",Stata
22/11/2022 19:03:04,University of Florence (Italy) ,11/10/2004,Phd,A few (2-4),"Nope, none.","Work in academia (research institution, university other educational institution; in any scientific position)",Yes,"Stata, Python, Other (such as SPSS, SAS, Julia, Matlab)",Python
22/11/2022 19:16:34,Mohamed 5 University of Rabat ,31/07/2018,"Masters (MA, MS, MPhil, MBA)",Many (5+),"Stata, R, Other (such as SPSS, SAS, Julia, Matlab)","Work in academia (research institution, university other educational institution; in any scientific position)",Yes,"Stata, R, Python, Other (such as SPSS, SAS, Julia, Matlab)",Python
22/11/2022 19:24:24,ceu,01/07/2013,Phd,Many (5+),"Stata, Other (such as SPSS, SAS, Julia, Matlab)","Government, NGO",Yes,"Stata, Python",Stata
22/11/2022 19:43:47,University of Lausanne ,01/09/2020,Phd,A few (2-4),Stata,"Work in academia (research institution, university other educational institution; in any scientific position)",Yes,"Stata, R, Python",Stata
22/11/2022 19:53:26,Fundação Getulio Vargas,,"Masters (MA, MS, MPhil, MBA)",A few (2-4),"Stata, R","Work in academia (research institution, university other educational institution; in any scientific position)",Yes,R,R
22/11/2022 20:07:57,American University,08/08/2019,Phd,None / hardly any (0-1),Stata,"Government, NGO",Yes,"Stata, R, Python",Stata
22/11/2022 21:18:15,Georg-August Universität,26/11/2019,"Masters (MA, MS, MPhil, MBA)",A few (2-4),Stata,"Work in academia (research institution, university other educational institution; in any scientific position)",Yes,"Python, Other (such as SPSS, SAS, Julia, Matlab)","Other (such as SPSS, SAS, Julia, Matlab)"
22/11/2022 21:30:44,MIT,02/12/2011,Phd,Many (5+),Stata,"Work in academia (research institution, university other educational institution; in any scientific position)",Yes,Stata,Stata
22/11/2022 22:09:45,Stockholm Schoolof Economics,22/05/2022,Phd,Many (5+),R,Business (any for-profit & non education institution),Yes,"R, Python",R
22/11/2022 23:50:11,LUISS,05/07/2021,"Masters (MA, MS, MPhil, MBA)",None / hardly any (0-1),"Nope, none.","Work in academia (research institution, university other educational institution; in any scientific position)",Just a little,Stata,Stata
23/11/2022 00:17:06,University of Basel,31/03/2019,Phd,A few (2-4),"Stata, R, Python","Work in academia (research institution, university other educational institution; in any scientific position)",Yes,Python,Python
23/11/2022 02:19:17,Corvinus University of budapest,02/02/0202,"Masters (MA, MS, MPhil, MBA)",A few (2-4),"R, Python, Other (such as SPSS, SAS, Julia, Matlab)",Business (any for-profit & non education institution),Yes,"Python, Other (such as SPSS, SAS, Julia, Matlab)",Python
23/11/2022 10:05:55,University of Toronto,18/02/2017,"Masters (MA, MS, MPhil, MBA)",A few (2-4),Stata,Study,Yes,Python,Python
23/11/2022 10:06:47,Paris School of Economics,10/09/2010,Phd,Many (5+),"Stata, Other (such as SPSS, SAS, Julia, Matlab)","Work in academia (research institution, university other educational institution; in any scientific position)",Yes,R,R
23/11/2022 10:09:41,East West University,01/09/2022,"Masters (MA, MS, MPhil, MBA)",A few (2-4),Stata,"Government, NGO",Yes,Stata,Stata
23/11/2022 10:13:26,Universitat Oberta de Catalunya,31/01/2018,Phd,None / hardly any (0-1),"Nope, none.","Work in academia (research institution, university other educational institution; in any scientific position)",Yes,"R, Python",R
23/11/2022 10:18:26,Northern Kentucky University ,,Bachelor ,Many (5+),"R, Python",Business (any for-profit & non education institution),Yes,"R, Python",Python
23/11/2022 10:20:38,Aalborg University,09/01/1997,"Masters (MA, MS, MPhil, MBA)",A few (2-4),"Other (such as SPSS, SAS, Julia, Matlab)",Business (any for-profit & non education institution),Yes,Python,Python
23/11/2022 10:32:18,Australian National University,23/11/2002,"Masters (MA, MS, MPhil, MBA)",Many (5+),"Other (such as SPSS, SAS, Julia, Matlab)","Government, NGO",Yes,"Stata, R, Python",R
23/11/2022 10:36:11,University of Bologna,11/07/2022,Phd,Many (5+),Stata,"Work in academia (research institution, university other educational institution; in any scientific position)",Yes,"R, Python",R
23/11/2022 10:37:10,Heidelberg University,27/07/2019,"Masters (MA, MS, MPhil, MBA)",A few (2-4),"Stata, Other (such as SPSS, SAS, Julia, Matlab)",Study,Yes,"Stata, Other (such as SPSS, SAS, Julia, Matlab)",Stata
23/11/2022 10:40:14,A university in The Netherlands,01/09/2002,Phd,None / hardly any (0-1),"Other (such as SPSS, SAS, Julia, Matlab)","Work in academia (research institution, university other educational institution; in any scientific position)",Yes,"R, Python, Other (such as SPSS, SAS, Julia, Matlab)",Python
23/11/2022 10:55:56,London School of economics ,01/01/2015,Phd,A few (2-4),Stata,"Work in academia (research institution, university other educational institution; in any scientific position)",Yes,"Stata, R",R
23/11/2022 11:07:04,University of Melbourne ,15/07/2020,Phd,None / hardly any (0-1),"Nope, none.","Work in academia (research institution, university other educational institution; in any scientific position)",Yes,Python,Python
23/11/2022 11:12:34,University of Cambridge,31/07/2019,"Masters (MA, MS, MPhil, MBA)",A few (2-4),"Stata, Other (such as SPSS, SAS, Julia, Matlab)",Study,Yes,"Stata, R",Stata
23/11/2022 11:17:56,University of Oxford,14/07/2022,"Masters (MA, MS, MPhil, MBA)",A few (2-4),"Stata, Other (such as SPSS, SAS, Julia, Matlab)","Work in academia (research institution, university other educational institution; in any scientific position)",Yes,"Stata, R, Python, Other (such as SPSS, SAS, Julia, Matlab)",Stata
23/11/2022 11:50:01,"University of Illinois, Urbana-Champaign",01/07/2004,Phd,Many (5+),"R, Other (such as SPSS, SAS, Julia, Matlab)","Work in academia (research institution, university other educational institution; in any scientific position)",Yes,"Stata, R, Other (such as SPSS, SAS, Julia, Matlab)",R
23/11/2022 12:51:13,Life ,23/11/2022,Self taught ,None / hardly any (0-1),"Nope, none.","Government, NGO",Just a little,Python,Python
23/11/2022 12:58:19,UCSD,20/09/2005,Phd,Many (5+),"Stata, Other (such as SPSS, SAS, Julia, Matlab)","Work in academia (research institution, university other educational institution; in any scientific position)",Yes,"Stata, R, Python, Other (such as SPSS, SAS, Julia, Matlab)",Stata
23/11/2022 13:33:13,Panepistimion Pireos,01/04/2012,"Masters (MA, MS, MPhil, MBA)",Many (5+),"Stata, R, Other (such as SPSS, SAS, Julia, Matlab)","Government, NGO",Yes,R,R
23/11/2022 13:52:55,ITAM,12/06/2022,"Masters (MA, MS, MPhil, MBA)",A few (2-4),"Stata, R",Business (any for-profit & non education institution),Just a little,"Stata, R",R
23/11/2022 14:28:31,"University of Konstanz, Germany",31/08/2007,"Masters (MA, MS, MPhil, MBA)",Many (5+),"Nope, none.","Work in academia (research institution, university other educational institution; in any scientific position)",Yes,"Stata, R",R
23/11/2022 14:50:04,Uni Wien,23/08/2021,"Masters (MA, MS, MPhil, MBA)",Many (5+),"Stata, R, Other (such as SPSS, SAS, Julia, Matlab)",Study,Yes,"Stata, R",R
23/11/2022 14:50:35,CEU,30/06/2020,"Masters (MA, MS, MPhil, MBA)",A few (2-4),"Stata, Python",Study,Just a little,Stata,Stata
23/11/2022 14:50:38,Bologna,29/10/2020,"Masters (MA, MS, MPhil, MBA)",Many (5+),"Stata, R, Other (such as SPSS, SAS, Julia, Matlab)",Study,Yes,"Stata, R, Other (such as SPSS, SAS, Julia, Matlab)",Stata
23/11/2022 15:41:44,Jackson State University ,20/05/2015,"Masters (MA, MS, MPhil, MBA)",None / hardly any (0-1),"Nope, none.",Business (any for-profit & non education institution),Yes,"R, Other (such as SPSS, SAS, Julia, Matlab)",R
23/11/2022 16:01:22,Ashoka University ,30/06/2021,Undergraduate Degree,A few (2-4),"Stata, R","Government, NGO",Yes,"Stata, R",Stata
23/11/2022 16:08:59,CEU,10/10/2018,"Masters (MA, MS, MPhil, MBA)",Many (5+),"R, Python",Business (any for-profit & non education institution),Yes,Python,R
23/11/2022 16:18:44,"University of Victoria, Canada",30/04/1994,"Masters (MA, MS, MPhil, MBA)",A few (2-4),"Other (such as SPSS, SAS, Julia, Matlab)",Business (any for-profit & non education institution),Yes,R,R
23/11/2022 17:09:41,University of Cambridge,01/07/2023,"Masters (MA, MS, MPhil, MBA)",A few (2-4),"Stata, R",Study,Yes,"Stata, R, Python",R
23/11/2022 17:28:34,Jožef Stefan International Postgraduate School,14/04/2009,Phd,Many (5+),"R, Python","Work in academia (research institution, university other educational institution; in any scientific position)",Yes,Python,Python
23/11/2022 17:48:25,University oft Bremen,31/01/2020,"Masters (MA, MS, MPhil, MBA)",A few (2-4),"Stata, R","Work in academia (research institution, university other educational institution; in any scientific position)",Yes,R,R
23/11/2022 18:39:42,FU Berlin,01/06/2006,"Masters (MA, MS, MPhil, MBA)",A few (2-4),"Other (such as SPSS, SAS, Julia, Matlab)",Business (any for-profit & non education institution),Yes,"R, Other (such as SPSS, SAS, Julia, Matlab)",R
23/11/2022 19:40:08,University of Washington Seattle ,,Phd,Many (5+),"Stata, R","Work in academia (research institution, university other educational institution; in any scientific position)",Yes,"Stata, R",Stata
23/11/2022 19:44:29,Humboldt University,30/08/2022,"Masters (MA, MS, MPhil, MBA)",A few (2-4),"R, Python",Study,No,"R, Python, Other (such as SPSS, SAS, Julia, Matlab)",R
23/11/2022 19:54:23,CEU,18/03/2020,"Masters (MA, MS, MPhil, MBA)",Many (5+),"R, Python",Business (any for-profit & non education institution),Yes,"R, Python",R
23/11/2022 21:47:55,University of Padua,21/12/2021,Phd,A few (2-4),"Stata, R","Work in academia (research institution, university other educational institution; in any scientific position)",Yes,"Stata, R, Other (such as SPSS, SAS, Julia, Matlab)",R
23/11/2022 21:56:01,University of Ottawa,06/11/2022,Phd,A few (2-4),Stata,"Work in academia (research institution, university other educational institution; in any scientific position)",Yes,"Stata, R, Python",R
23/11/2022 22:02:17,Oxford ,08/10/1991,Phd,A few (2-4),"Other (such as SPSS, SAS, Julia, Matlab)","Work in academia (research institution, university other educational institution; in any scientific position)",Yes,Stata,Stata
23/11/2022 22:03:35,University of Mannheim,20/01/2020,"Masters (MA, MS, MPhil, MBA)",A few (2-4),"Stata, R, Other (such as SPSS, SAS, Julia, Matlab)","Work in academia (research institution, university other educational institution; in any scientific position)",Yes,"Stata, Other (such as SPSS, SAS, Julia, Matlab)",Stata
23/11/2022 23:05:40,University of Bologna,23/11/2019,"Masters (MA, MS, MPhil, MBA)",A few (2-4),Stata,Study,Yes,"Stata, R",Stata
23/11/2022 23:19:07,Lancaster University,23/09/2020,Phd,None / hardly any (0-1),"Nope, none.","Work in academia (research institution, university other educational institution; in any scientific position)",Yes,"Stata, Python",Python
24/11/2022 01:34:51,University of Turin (Italy),10/05/2019,Phd,A few (2-4),"Stata, R, Python","Work in academia (research institution, university other educational institution; in any scientific position)",Yes,"Stata, R, Python",Python
24/11/2022 07:56:19,University of Bologna,17/12/2021,"Masters (MA, MS, MPhil, MBA)",Many (5+),"Stata, R, Other (such as SPSS, SAS, Julia, Matlab)",Study,Yes,"Stata, R, Other (such as SPSS, SAS, Julia, Matlab)",R
24/11/2022 09:20:27,UCLouvain,,"Masters (MA, MS, MPhil, MBA)",A few (2-4),"Stata, R, Other (such as SPSS, SAS, Julia, Matlab)","Work in academia (research institution, university other educational institution; in any scientific position)",Yes,"Stata, R, Other (such as SPSS, SAS, Julia, Matlab)",Stata
24/11/2022 10:03:32,University of Lausanne,01/07/2022,"Masters (MA, MS, MPhil, MBA)",A few (2-4),"Stata, R","Work in academia (research institution, university other educational institution; in any scientific position)",Yes,"Stata, R",Stata
24/11/2022 10:25:47,University of Zürich ,31/07/2023,"Masters (MA, MS, MPhil, MBA)",Many (5+),"Stata, R",Study,Yes,"Stata, R",R
24/11/2022 11:04:48,Corvinus,24/11/2003,Phd,A few (2-4),"Nope, none.","Work in academia (research institution, university other educational institution; in any scientific position)",Yes,Stata,Stata
24/11/2022 11:35:48,CEU,01/05/2019,Phd,A few (2-4),"R, Python","Work in academia (research institution, university other educational institution; in any scientific position)",Yes,"R, Python",Python
24/11/2022 15:24:33,CEU,10/06/2021,"Masters (MA, MS, MPhil, MBA)",Many (5+),"R, Python",Business (any for-profit & non education institution),Yes,R,R
24/11/2022 21:00:58,Agrocampus ouest,30/05/2016,Phd,A few (2-4),"Stata, Other (such as SPSS, SAS, Julia, Matlab)",Study,Yes,Stata,Stata
24/11/2022 21:05:19,University of Bologna ,31/08/2017,"Masters (MA, MS, MPhil, MBA)",None / hardly any (0-1),Stata,"Work in academia (research institution, university other educational institution; in any scientific position)",Yes,Stata,Stata
24/11/2022 22:29:30,JHSPH,,"Masters (MA, MS, MPhil, MBA)",Many (5+),Stata,"Work in academia (research institution, university other educational institution; in any scientific position)",Yes,"Stata, R",Stata
24/11/2022 22:49:37,Universidad Nacional de La Plata,28/08/2022,"Masters (MA, MS, MPhil, MBA)",Many (5+),"Stata, Python",Study,Yes,"Stata, Python",Stata
25/11/2022 00:26:11,CEMFI,10/07/2023,"Masters (MA, MS, MPhil, MBA)",A few (2-4),"Stata, R, Python",Study,Yes,"Stata, R",R
25/11/2022 00:45:34,Oviedo,09/09/2009,Phd,None / hardly any (0-1),"Nope, none.","Work in academia (research institution, university other educational institution; in any scientific position)",Yes,Stata,Stata
25/11/2022 00:45:55,Pontificia Universidad Catolica del Peru,31/03/2012,"Masters (MA, MS, MPhil, MBA)",Many (5+),"Stata, R, Python, Other (such as SPSS, SAS, Julia, Matlab)",Study,Yes,Stata,R
25/11/2022 01:21:44,University of Lugano USI,01/06/2021,"Masters (MA, MS, MPhil, MBA)",A few (2-4),Stata,"Government, NGO",Yes,"Stata, R",Stata
25/11/2022 01:25:16,University of Wisconsin,24/05/2017,Phd,A few (2-4),Stata,Business (any for-profit & non education institution),Yes,"Stata, R, Python",Stata
25/11/2022 03:35:02,University of Applied Science Düsseldorf,15/02/2021,"Masters (MA, MS, MPhil, MBA)",Many (5+),"R, Python","Work in academia (research institution, university other educational institution; in any scientific position)",Yes,"R, Python, Other (such as SPSS, SAS, Julia, Matlab)",Python
25/11/2022 04:43:36,University of Manchester ,05/09/2022,"Masters (MA, MS, MPhil, MBA)",A few (2-4),"Stata, R","Work in academia (research institution, university other educational institution; in any scientific position)",Yes,"Stata, R, Python, Other (such as SPSS, SAS, Julia, Matlab)",Stata
25/11/2022 05:11:16,CEU,30/06/2021,"Masters (MA, MS, MPhil, MBA)",Many (5+),"Stata, Python, Other (such as SPSS, SAS, Julia, Matlab)",Study,Yes,"Stata, R, Python, Other (such as SPSS, SAS, Julia, Matlab)",Stata
25/11/2022 06:16:38,University of Georgia ,01/08/2022,Phd,A few (2-4),Stata,"Government, NGO",Yes,"Stata, Python",Stata
25/11/2022 07:51:08,Bologna ,20/10/1993,Phd,A few (2-4),"Stata, Other (such as SPSS, SAS, Julia, Matlab)","Work in academia (research institution, university other educational institution; in any scientific position)",Yes,Stata,Stata
25/11/2022 08:55:58,University of Tokyo ,26/03/2021,Phd,A few (2-4),Stata,"Work in academia (research institution, university other educational institution; in any scientific position)",Yes,Stata,Stata
25/11/2022 09:12:33,University of mannheim,02/07/2023,Phd,None / hardly any (0-1),"Stata, Python, Other (such as SPSS, SAS, Julia, Matlab)",Study,Yes,Stata,Stata
25/11/2022 09:44:10,ELTE,31/05/2017,Phd,A few (2-4),Python,"Work in academia (research institution, university other educational institution; in any scientific position)",Yes,Python,Python
25/11/2022 09:46:34,University of Graz,01/03/2014,"Masters (MA, MS, MPhil, MBA)",None / hardly any (0-1),"Nope, none.","Work in academia (research institution, university other educational institution; in any scientific position)",Yes,"Nope, none.","Other (such as SPSS, SAS, Julia, Matlab)"
25/11/2022 10:02:58,University of Washington,15/06/2020,Phd,None / hardly any (0-1),"Other (such as SPSS, SAS, Julia, Matlab)","Work in academia (research institution, university other educational institution; in any scientific position)",Yes,"Python, Other (such as SPSS, SAS, Julia, Matlab)",Python
25/11/2022 10:06:11,Universität Wien,01/07/2021,"Masters (MA, MS, MPhil, MBA)",A few (2-4),"Python, Other (such as SPSS, SAS, Julia, Matlab)",Business (any for-profit & non education institution),Yes,Python,Python
25/11/2022 10:06:26,Central European University,04/01/2019,Phd,A few (2-4),"R, Other (such as SPSS, SAS, Julia, Matlab)","Work in academia (research institution, university other educational institution; in any scientific position)",Yes,"R, Python",Python
25/11/2022 10:09:50,Technical university ,30/06/2021,Phd,Many (5+),"R, Python",Business (any for-profit & non education institution),Yes,"R, Python",Python
25/11/2022 10:26:43,Rice University,31/12/2009,Phd,None / hardly any (0-1),"Other (such as SPSS, SAS, Julia, Matlab)",Business (any for-profit & non education institution),Yes,"R, Python",Python
25/11/2022 10:32:05,"City, University of London",01/09/2016,"Masters (MA, MS, MPhil, MBA)",A few (2-4),"R, Python, Other (such as SPSS, SAS, Julia, Matlab)",Business (any for-profit & non education institution),Yes,Python,Python
25/11/2022 10:56:56,Graz,,Phd,Many (5+),"R, Other (such as SPSS, SAS, Julia, Matlab)",Business (any for-profit & non education institution),Yes,"R, Python",R
25/11/2022 11:02:49,Jagiellonian University,01/06/2017,Phd,A few (2-4),"R, Other (such as SPSS, SAS, Julia, Matlab)","Work in academia (research institution, university other educational institution; in any scientific position)",Yes,"R, Python, Other (such as SPSS, SAS, Julia, Matlab)",Python
25/11/2022 11:26:52,TU,09/11/2021,"Masters (MA, MS, MPhil, MBA)",A few (2-4),Stata,"Work in academia (research institution, university other educational institution; in any scientific position)",Just a little,Stata,Stata
25/11/2022 11:38:09,Graz University of Technology,30/06/2009,Phd,A few (2-4),R,Business (any for-profit & non education institution),Yes,"R, Python",R
25/11/2022 11:43:47,CEU,15/06/2023,"Masters (MA, MS, MPhil, MBA)",Many (5+),"Stata, R, Python, Other (such as SPSS, SAS, Julia, Matlab)",Study,No,"Nope, none.",Python
25/11/2022 13:02:16,Heidelberg University,15/07/2021,Phd,A few (2-4),"Nope, none.","Work in academia (research institution, university other educational institution; in any scientific position)",Yes,"Stata, R",R
25/11/2022 13:05:04,CEU,31/05/2013,Phd,None / hardly any (0-1),"Nope, none.",Business (any for-profit & non education institution),Yes,"R, Python, Other (such as SPSS, SAS, Julia, Matlab)",Python
25/11/2022 13:37:09,"IGIDR, Mumbai",10/07/2020,"Masters (MA, MS, MPhil, MBA)",Many (5+),"Stata, R","Work in academia (research institution, university other educational institution; in any scientific position)",Yes,R,R
25/11/2022 13:48:30,Kyiv School of Economics,15/09/2022,"Masters (MA, MS, MPhil, MBA)",A few (2-4),R,Business (any for-profit & non education institution),Just a little,R,R
25/11/2022 14:26:30,Autonomous University of Barcelona,31/07/2022,"Masters (MA, MS, MPhil, MBA)",A few (2-4),R,Study,Yes,"R, Python",R
25/11/2022 14:42:20,University of Kansas ,10/12/2022,"Masters (MA, MS, MPhil, MBA)",A few (2-4),"Stata, Python, Other (such as SPSS, SAS, Julia, Matlab)",Study,Just a little,"Nope, none.",Python
25/11/2022 16:06:26,University of Oxford ,07/11/2014,Phd,None / hardly any (0-1),Stata,Business (any for-profit & non education institution),Yes,"Stata, Other (such as SPSS, SAS, Julia, Matlab)",Stata
25/11/2022 16:34:41,IESA (Venezuela),01/02/2012,"Masters (MA, MS, MPhil, MBA)",A few (2-4),"Nope, none.",Business (any for-profit & non education institution),Yes,"R, Python",Python
25/11/2022 16:40:58,mef.edu.tr,15/02/2022,"Masters (MA, MS, MPhil, MBA)",Many (5+),"R, Python",Business (any for-profit & non education institution),Yes,R,R
25/11/2022 17:19:39,CEU,15/06/2021,"Masters (MA, MS, MPhil, MBA)",Many (5+),"R, Python",Business (any for-profit & non education institution),No,Python,Python
25/11/2022 18:22:27,"UT Arlington,Texas.",13/05/2016,"Masters (MA, MS, MPhil, MBA)",,"Stata, R, Other (such as SPSS, SAS, Julia, Matlab)","Work in academia (research institution, university other educational institution; in any scientific position)",Yes,"Stata, R",Stata
25/11/2022 18:53:33,LSE,26/09/2022,"Masters (MA, MS, MPhil, MBA)",None / hardly any (0-1),R,Business (any for-profit & non education institution),No,"Nope, none.",R
25/11/2022 19:03:02,École nationale d'administratiojn publique,01/06/1992,"Masters (MA, MS, MPhil, MBA)",None / hardly any (0-1),"Nope, none.",Business (any for-profit & non education institution),Yes,"Other (such as SPSS, SAS, Julia, Matlab)","Other (such as SPSS, SAS, Julia, Matlab)"
25/11/2022 19:37:46,Knust,09/05/2011,"Masters (MA, MS, MPhil, MBA)",A few (2-4),"Stata, R",Study,Just a little,"Stata, R",R
25/11/2022 23:37:32,TU Wien,01/07/2019,"Masters (MA, MS, MPhil, MBA)",A few (2-4),"R, Other (such as SPSS, SAS, Julia, Matlab)",Study,Yes,Python,Python
26/11/2022 08:45:34,BOKU,11/03/2011,Dipl.-Ing.,None / hardly any (0-1),"Nope, none.","Government, NGO",Yes,"R, Python",R
26/11/2022 12:58:34,Groningen,31/08/2022,"Masters (MA, MS, MPhil, MBA)",Many (5+),"Stata, R",Study,Yes,Stata,Stata
26/11/2022 17:18:58,Vienna University of Economics and Business ,25/05/2010,"Masters (MA, MS, MPhil, MBA)",A few (2-4),R,Business (any for-profit & non education institution),Yes,"R, Python",R
26/11/2022 20:00:39,Economics from Rome Tor Vergata ,10/06/2010,"Masters (MA, MS, MPhil, MBA)",Many (5+),Stata,"Government, NGO",Yes,Python,Python
26/11/2022 20:36:55,Swedish University of Agricultural Sciences,09/12/2016,Phd,Many (5+),"Stata, R, Other (such as SPSS, SAS, Julia, Matlab)","Work in academia (research institution, university other educational institution; in any scientific position)",Yes,"Stata, R",R
27/11/2022 16:34:22,Michigan,01/01/2015,Phd,A few (2-4),"Stata, Other (such as SPSS, SAS, Julia, Matlab)","Work in academia (research institution, university other educational institution; in any scientific position)",Yes,"Stata, Python",Stata
27/11/2022 17:15:05,CEU,26/06/2020,"Masters (MA, MS, MPhil, MBA)",Many (5+),"R, Python",Business (any for-profit & non education institution),Yes,Python,Python
27/11/2022 17:15:52,University of Minnesota,30/06/2017,Phd,None / hardly any (0-1),Stata,"Work in academia (research institution, university other educational institution; in any scientific position)",Yes,"Stata, Other (such as SPSS, SAS, Julia, Matlab)",Stata
27/11/2022 18:23:30,University of Hull,31/07/2018,Phd,A few (2-4),"R, Other (such as SPSS, SAS, Julia, Matlab)","Work in academia (research institution, university other educational institution; in any scientific position)",Yes,"Stata, R",Stata
27/11/2022 20:13:12,University of Glasgow,30/10/2022,"Masters (MA, MS, MPhil, MBA)",Many (5+),"Stata, Python, Other (such as SPSS, SAS, Julia, Matlab)","Work in academia (research institution, university other educational institution; in any scientific position)",Yes,"Stata, Python, Other (such as SPSS, SAS, Julia, Matlab)","Other (such as SPSS, SAS, Julia, Matlab)"
27/11/2022 20:55:30,University of Minnesota ,,"Masters (MA, MS, MPhil, MBA)",A few (2-4),Stata,"Work in academia (research institution, university other educational institution; in any scientific position)",Yes,"Stata, R",Stata
27/11/2022 21:58:50,Corvinus University of Budapest,30/06/2015,"Masters (MA, MS, MPhil, MBA)",None / hardly any (0-1),"Other (such as SPSS, SAS, Julia, Matlab)",Business (any for-profit & non education institution),Yes,"R, Python",R
28/11/2022 03:11:29,Humboldt University,30/09/2019,Phd,A few (2-4),"Stata, R","Work in academia (research institution, university other educational institution; in any scientific position)",Yes,R,R
28/11/2022 10:31:42,Paris School of Economics,01/03/2023,Phd,Many (5+),"Stata, R, Python","Work in academia (research institution, university other educational institution; in any scientific position)",Yes,"Stata, R, Python",Stata
28/11/2022 14:13:20,the New School,03/02/1981,Phd,Many (5+),Stata,"Work in academia (research institution, university other educational institution; in any scientific position)",Yes,"Stata, R",Stata
28/11/2022 15:19:08,Dumlupınar University,18/04/2016,Phd,None / hardly any (0-1),"Nope, none.","Work in academia (research institution, university other educational institution; in any scientific position)",Yes,"Stata, R, Other (such as SPSS, SAS, Julia, Matlab)",Stata
28/11/2022 17:47:44,University of Texas,01/08/2004,Phd,Many (5+),"Stata, R",Business (any for-profit & non education institution),Yes,"Stata, Python",Stata
28/11/2022 19:04:28,University of Vienna,29/01/2019,"Masters (MA, MS, MPhil, MBA)",None / hardly any (0-1),Python,"Work in academia (research institution, university other educational institution; in any scientific position)",Yes,"R, Python, Other (such as SPSS, SAS, Julia, Matlab)",Python
28/11/2022 20:35:41,IHEC SFAX,30/06/2023,diploma,None / hardly any (0-1),R,Business (any for-profit & non education institution),Yes,R,R
29/11/2022 09:23:17,Corvinus University of Budapest,30/06/2022,,Many (5+),"Stata, R, Python, Other (such as SPSS, SAS, Julia, Matlab)",Study,No,"Nope, none.",R
29/11/2022 14:45:08,Central European University ,17/06/2022,"Masters (MA, MS, MPhil, MBA)",A few (2-4),"R, Python",Business (any for-profit & non education institution),Yes,"R, Python",R
29/11/2022 20:14:05,UCLA,01/12/1974,Phd,Many (5+),R,"Work in academia (research institution, university other educational institution; in any scientific position)",Yes,R,R
29/11/2022 20:16:38,Middlesex University,01/09/2020,"Masters (MA, MS, MPhil, MBA)",None / hardly any (0-1),"Nope, none.",Business (any for-profit & non education institution),Yes,R,R
29/11/2022 20:22:24,DePaul University Chicago,14/04/2014,"Masters (MA, MS, MPhil, MBA)",None / hardly any (0-1),"Nope, none.","Government, NGO",Yes,"R, Python",R
29/11/2022 20:36:38,UNMSM,31/12/2018,"Masters (MA, MS, MPhil, MBA)",Many (5+),"Stata, R, Python","Work in academia (research institution, university other educational institution; in any scientific position)",Yes,"Stata, R",R
29/11/2022 20:51:55,Graduate Institute Geneva ,11/01/2015,Phd,A few (2-4),"Stata, R","Work in academia (research institution, university other educational institution; in any scientific position)",Yes,"R, Python, Other (such as SPSS, SAS, Julia, Matlab)",R
29/11/2022 21:15:28,ESSEC,12/10/2012,Phd,None / hardly any (0-1),"Nope, none.","Work in academia (research institution, university other educational institution; in any scientific position)",Yes,"R, Python",R
29/11/2022 21:54:16,CEU,,"Masters (MA, MS, MPhil, MBA)",A few (2-4),"Stata, R, Python, Other (such as SPSS, SAS, Julia, Matlab)",Study,Yes,"Stata, R",R
29/11/2022 22:24:56,University of Oregon,31/08/2022,Phd,A few (2-4),"Stata, R","Work in academia (research institution, university other educational institution; in any scientific position)",Yes,"R, Python, Other (such as SPSS, SAS, Julia, Matlab)","Other (such as SPSS, SAS, Julia, Matlab)"
29/11/2022 22:27:27,University of Virginia ,18/12/1983,Phd,A few (2-4),"Stata, R, Other (such as SPSS, SAS, Julia, Matlab)","Government, NGO",Yes,"Stata, R, Other (such as SPSS, SAS, Julia, Matlab)","Other (such as SPSS, SAS, Julia, Matlab)"
29/11/2022 22:33:17,CMU,01/06/2006,Phd,None / hardly any (0-1),"Nope, none.","Work in academia (research institution, university other educational institution; in any scientific position)",Yes,"Stata, R, Python",Python
29/11/2022 22:43:05,Université Toulouse I Capitol ,31/07/2014,"Masters (MA, MS, MPhil, MBA)",Many (5+),"R, Other (such as SPSS, SAS, Julia, Matlab)","Government, NGO",Yes,"R, Python",R
29/11/2022 23:18:13,MIT,10/10/2020,Phd,A few (2-4),Stata,"Government, NGO",Yes,Stata,Stata
29/11/2022 23:45:31,University of Toronto,01/11/2019,Phd,A few (2-4),"Stata, R, Python, Other (such as SPSS, SAS, Julia, Matlab)","Work in academia (research institution, university other educational institution; in any scientific position)",Yes,"Stata, R, Python, Other (such as SPSS, SAS, Julia, Matlab)",R
29/11/2022 23:57:34,"University of California, Santa Cruz",01/06/2019,"Masters (MA, MS, MPhil, MBA)",A few (2-4),"Stata, R, Python","Work in academia (research institution, university other educational institution; in any scientific position)",Yes,Stata,Stata
29/11/2022 23:59:05,University of Hohenheim ,31/03/2020,"Masters (MA, MS, MPhil, MBA)",A few (2-4),"Stata, R","Work in academia (research institution, university other educational institution; in any scientific position)",Yes,"Stata, R, Other (such as SPSS, SAS, Julia, Matlab)",R
30/11/2022 00:03:02,University of Wisconsin at Madison ,15/05/0016,Phd,Many (5+),"Stata, Other (such as SPSS, SAS, Julia, Matlab)",Business (any for-profit & non education institution),No,R,R
30/11/2022 00:06:28,University of Zaragoza,30/10/2021,"Masters (MA, MS, MPhil, MBA)",A few (2-4),"Stata, R","Work in academia (research institution, university other educational institution; in any scientific position)",Yes,"Stata, R",Stata
30/11/2022 00:13:21,University college London ,31/05/2023,Phd,A few (2-4),"Nope, none.",Study,Yes,Stata,Stata
30/11/2022 00:16:28,Paris School of Economics ,30/06/2022,"Masters (MA, MS, MPhil, MBA)",A few (2-4),"Nope, none.","Work in academia (research institution, university other educational institution; in any scientific position)",Yes,"R, Python",R
30/11/2022 00:35:38,Boston College,17/05/2017,Phd,A few (2-4),"Stata, Other (such as SPSS, SAS, Julia, Matlab)","Work in academia (research institution, university other educational institution; in any scientific position)",Yes,"R, Other (such as SPSS, SAS, Julia, Matlab)","Other (such as SPSS, SAS, Julia, Matlab)"
30/11/2022 01:08:43,University of Virginia,15/05/2015,"Masters (MA, MS, MPhil, MBA)",None / hardly any (0-1),"Other (such as SPSS, SAS, Julia, Matlab)",Business (any for-profit & non education institution),Yes,Python,Python
30/11/2022 03:04:28,Queensland university of technology ,20/12/2017,"Masters (MA, MS, MPhil, MBA)",A few (2-4),Stata,"Work in academia (research institution, university other educational institution; in any scientific position)",Yes,Stata,Stata
30/11/2022 03:40:22,Universidad de Chile,16/11/2022,"Masters (MA, MS, MPhil, MBA)",A few (2-4),"Stata, R, Other (such as SPSS, SAS, Julia, Matlab)","Work in academia (research institution, university other educational institution; in any scientific position)",Yes,"Stata, R",Stata
30/11/2022 04:50:41,UW Madison ,31/12/2019,"Masters (MA, MS, MPhil, MBA)",Many (5+),"Stata, R",Business (any for-profit & non education institution),Yes,"R, Python",R
30/11/2022 04:54:50,Pompeu Fabra,22/07/2022,"Masters (MA, MS, MPhil, MBA)",A few (2-4),"Stata, R, Python, Other (such as SPSS, SAS, Julia, Matlab)","Work in academia (research institution, university other educational institution; in any scientific position)",Yes,Stata,Stata
30/11/2022 06:05:27,Melbourne University,30/11/2018,"Masters (MA, MS, MPhil, MBA)",A few (2-4),"Stata, R, Other (such as SPSS, SAS, Julia, Matlab)","Government, NGO",Yes,"Stata, R",R
30/11/2022 07:09:37,CEU,30/06/2020,"Masters (MA, MS, MPhil, MBA)",Many (5+),"Python, Other (such as SPSS, SAS, Julia, Matlab)",Business (any for-profit & non education institution),Yes,Python,Python
30/11/2022 07:47:02,Duke University,20/07/2017,Phd,A few (2-4),"Stata, R","Work in academia (research institution, university other educational institution; in any scientific position)",Yes,"Stata, R, Python",R
30/11/2022 08:35:54,Heidelberg University ,01/03/2019,Phd,A few (2-4),"Stata, R, Python","Work in academia (research institution, university other educational institution; in any scientific position)",Yes,"Stata, R",R
30/11/2022 09:00:52,University of Padua ,21/12/2021,Phd,A few (2-4),"Stata, R, Other (such as SPSS, SAS, Julia, Matlab)","Work in academia (research institution, university other educational institution; in any scientific position)",Yes,"Stata, R",R
30/11/2022 10:15:06,University of Manchester,27/06/2002,Phd,A few (2-4),Stata,"Work in academia (research institution, university other educational institution; in any scientific position)",Yes,Stata,Stata
30/11/2022 10:27:25,University of Vienna,28/10/2022,"Masters (MA, MS, MPhil, MBA)",A few (2-4),"R, Python","Work in academia (research institution, university other educational institution; in any scientific position)",Just a little,"R, Python",Python
30/11/2022 12:23:44,Central European University,21/06/2014,"Masters (MA, MS, MPhil, MBA)",Many (5+),Stata,"Work in academia (research institution, university other educational institution; in any scientific position)",Yes,"Stata, Python",Stata
30/11/2022 12:57:41,London School of Economics,01/07/2018,Phd,A few (2-4),Stata,Business (any for-profit & non education institution),Yes,Python,Python
30/11/2022 14:04:14,University of Goettingen,31/03/2019,"Masters (MA, MS, MPhil, MBA)",A few (2-4),"R, Other (such as SPSS, SAS, Julia, Matlab)","Work in academia (research institution, university other educational institution; in any scientific position)",Yes,"R, Python",R
30/11/2022 15:03:14,University of Vienna,30/06/2014,"Masters (MA, MS, MPhil, MBA)",Many (5+),"Stata, R","Work in academia (research institution, university other educational institution; in any scientific position)",Yes,"Stata, R, Python",R
30/11/2022 16:34:02,Universidad Torcuato Di Tella,31/05/2021,"Masters (MA, MS, MPhil, MBA)",Many (5+),"Stata, R, Other (such as SPSS, SAS, Julia, Matlab)",Business (any for-profit & non education institution),Yes,"R, Python",R
30/11/2022 18:54:04,Sciences Po Paris ,,Phd,None / hardly any (0-1),Stata,"Work in academia (research institution, university other educational institution; in any scientific position)",Yes,"Stata, R",Stata
30/11/2022 19:22:20,Heriot Watt University ,15/11/2028,Phd,Many (5+),"Stata, Other (such as SPSS, SAS, Julia, Matlab)","Work in academia (research institution, university other educational institution; in any scientific position)",Yes,"Stata, R, Python, Other (such as SPSS, SAS, Julia, Matlab)",Stata
30/11/2022 19:38:40,"Queen's University, Belfast",13/07/2010,Phd,None / hardly any (0-1),"R, Other (such as SPSS, SAS, Julia, Matlab)","Work in academia (research institution, university other educational institution; in any scientific position)",Yes,"R, Python, Other (such as SPSS, SAS, Julia, Matlab)",R
30/11/2022 20:28:50,"CDLU Sirsa , Haryana, India",05/05/2016,"Masters (MA, MS, MPhil, MBA)",None / hardly any (0-1),"Nope, none.",Study,Yes,"Stata, R, Other (such as SPSS, SAS, Julia, Matlab)",Stata
30/11/2022 22:17:43,University of Cincinnati ,30/07/2013,Phd,Many (5+),"Nope, none.","Work in academia (research institution, university other educational institution; in any scientific position)",Yes,"Stata, R, Other (such as SPSS, SAS, Julia, Matlab)",Stata
30/11/2022 22:18:41,Oxford University,01/08/2004,Phd,Many (5+),"Stata, Other (such as SPSS, SAS, Julia, Matlab)","Work in academia (research institution, university other educational institution; in any scientific position)",Yes,"R, Python, Other (such as SPSS, SAS, Julia, Matlab)","Other (such as SPSS, SAS, Julia, Matlab)"
30/11/2022 23:32:14,UC  Berkeley,15/05/2015,Phd,A few (2-4),"Stata, R","Work in academia (research institution, university other educational institution; in any scientific position)",Yes,Stata,Python
01/12/2022 00:56:57,"University of California, Berkeley",17/05/2015,Phd,A few (2-4),"Nope, none.","Work in academia (research institution, university other educational institution; in any scientific position)",Yes,"Stata, Other (such as SPSS, SAS, Julia, Matlab)",Stata
01/12/2022 01:02:38,Georgetown University ,01/05/2017,"Masters (MA, MS, MPhil, MBA)",A few (2-4),"Stata, R","Government, NGO",Yes,Stata,Stata
01/12/2022 02:26:52,UCLA,15/06/1998,Phd,Many (5+),"Other (such as SPSS, SAS, Julia, Matlab)","Work in academia (research institution, university other educational institution; in any scientific position)",Yes,"Stata, Other (such as SPSS, SAS, Julia, Matlab)",Stata
01/12/2022 04:37:17,NC State University ,05/12/2015,Phd,A few (2-4),"Stata, Other (such as SPSS, SAS, Julia, Matlab)","Work in academia (research institution, university other educational institution; in any scientific position)",Yes,Stata,Stata
01/12/2022 06:29:27,Ateneo de Manila,26/05/2018,"Masters (MA, MS, MPhil, MBA)",A few (2-4),"Stata, Other (such as SPSS, SAS, Julia, Matlab)","Work in academia (research institution, university other educational institution; in any scientific position)",Yes,"Stata, R, Python, Other (such as SPSS, SAS, Julia, Matlab)",Stata
01/12/2022 09:24:50,Lund,01/06/2021,"Masters (MA, MS, MPhil, MBA)",A few (2-4),"Stata, Other (such as SPSS, SAS, Julia, Matlab)",Business (any for-profit & non education institution),Yes,"R, Python",Python
01/12/2022 12:46:55,Vienna University of Economics and Business,25/06/2020,Phd,Many (5+),"Stata, R, Python, Other (such as SPSS, SAS, Julia, Matlab)","Work in academia (research institution, university other educational institution; in any scientific position)",Yes,R,R
01/12/2022 13:22:16,Vienna University of Economics and Business,22/01/1991,Phd,Many (5+),R,"Work in academia (research institution, university other educational institution; in any scientific position)",Yes,R,R
01/12/2022 13:46:41,University of Maryland,01/12/2006,Phd,Many (5+),"Stata, Other (such as SPSS, SAS, Julia, Matlab)","Work in academia (research institution, university other educational institution; in any scientific position)",Yes,"Stata, R, Python, Other (such as SPSS, SAS, Julia, Matlab)",Stata
01/12/2022 15:29:37,University of Western Australia,31/08/2004,Phd,Many (5+),"R, Other (such as SPSS, SAS, Julia, Matlab)","Work in academia (research institution, university other educational institution; in any scientific position)",Yes,"R, Python, Other (such as SPSS, SAS, Julia, Matlab)",Python
01/12/2022 18:31:40,HAMBURG,01/04/1996,Phd,None / hardly any (0-1),"Nope, none.","Work in academia (research institution, university other educational institution; in any scientific position)",Yes,"Stata, R, Python",Stata
01/12/2022 19:43:41,CEU,30/06/2021,"Masters (MA, MS, MPhil, MBA)",Many (5+),"R, Python",Business (any for-profit & non education institution),Just a little,Python,Python
01/12/2022 23:26:18,University Vienna,,,None / hardly any (0-1),R,Business (any for-profit & non education institution),Yes,Python,Python
02/12/2022 13:33:06,Eötvös Loránd University ,30/06/2019,"Masters (MA, MS, MPhil, MBA)",A few (2-4),"Stata, R, Python, Other (such as SPSS, SAS, Julia, Matlab)",Business (any for-profit & non education institution),Yes,Python,Python
02/12/2022 14:13:45,University of Zurich (UZH),01/07/2017,"Masters (MA, MS, MPhil, MBA)",A few (2-4),"Other (such as SPSS, SAS, Julia, Matlab)",Business (any for-profit & non education institution),Yes,"R, Other (such as SPSS, SAS, Julia, Matlab)",R
03/12/2022 00:10:47,European University Institute,21/11/2022,Phd,A few (2-4),"Stata, Python","Work in academia (research institution, university other educational institution; in any scientific position)",Yes,"Stata, Python",Stata
03/12/2022 19:39:56,University of Oregon,01/12/2008,Phd,Many (5+),Stata,"Work in academia (research institution, university other educational institution; in any scientific position)",Yes,Stata,Stata
04/12/2022 02:46:20,Barcelona Graduate School of Economics,27/07/2018,"Masters (MA, MS, MPhil, MBA)",A few (2-4),"Stata, R, Other (such as SPSS, SAS, Julia, Matlab)",Study,Yes,"Stata, R, Other (such as SPSS, SAS, Julia, Matlab)",Stata
04/12/2022 10:20:33,National Institute of Development Administration,29/02/2016,"Masters (MA, MS, MPhil, MBA)",A few (2-4),"Stata, Other (such as SPSS, SAS, Julia, Matlab)",Study,Yes,"Other (such as SPSS, SAS, Julia, Matlab)",Stata
04/12/2022 16:13:25,Alicante,20/06/2009,Phd,A few (2-4),"Nope, none.","Work in academia (research institution, university other educational institution; in any scientific position)",Yes,Stata,Stata
04/12/2022 16:18:41,Ceu,01/07/2017,"Masters (MA, MS, MPhil, MBA)",Many (5+),R,"Work in academia (research institution, university other educational institution; in any scientific position)",Yes,R,R
04/12/2022 17:31:46,CEU,31/08/2017,"Masters (MA, MS, MPhil, MBA)",Many (5+),"Stata, R, Python",Business (any for-profit & non education institution),Yes,"R, Python",R
04/12/2022 17:54:41,Corvinus Marx Károly,15/06/1977,doktori,A few (2-4),"Other (such as SPSS, SAS, Julia, Matlab)","Work in academia (research institution, university other educational institution; in any scientific position)",Yes,Stata,Stata
04/12/2022 18:53:00,CEU,30/06/2022,Phd,Many (5+),"Stata, R, Python",Business (any for-profit & non education institution),Yes,Python,Python
04/12/2022 20:05:52,RWTH Aachen University,01/02/2010,"Masters (MA, MS, MPhil, MBA)",A few (2-4),"Python, Other (such as SPSS, SAS, Julia, Matlab)",Business (any for-profit & non education institution),Yes,Python,Python
05/12/2022 10:59:01,Bocconi University,31/05/2011,Phd,A few (2-4),Stata,"Work in academia (research institution, university other educational institution; in any scientific position)",Yes,"Stata, R, Python, Other (such as SPSS, SAS, Julia, Matlab)",Stata
05/12/2022 14:54:52,Georgia state university ,15/05/2019,"Masters (MA, MS, MPhil, MBA)",Many (5+),"Stata, R",Study,Yes,R,R
05/12/2022 14:56:00,Hitotsubashi University,31/07/2019,"Masters (MA, MS, MPhil, MBA)",A few (2-4),Stata,"Government, NGO",Yes,"Stata, R",R
05/12/2022 14:56:17,University of Kentucky,08/07/2016,Phd,Many (5+),"Stata, R, Other (such as SPSS, SAS, Julia, Matlab)","Work in academia (research institution, university other educational institution; in any scientific position)",Yes,Stata,Stata
05/12/2022 14:57:06,University of Indonesia,05/12/2019,"Masters (MA, MS, MPhil, MBA)",A few (2-4),Stata,"Government, NGO",Yes,"Stata, R, Python",Stata
05/12/2022 15:03:05,ETH Zurich,31/08/2017,"Masters (MA, MS, MPhil, MBA)",A few (2-4),"R, Other (such as SPSS, SAS, Julia, Matlab)","Work in academia (research institution, university other educational institution; in any scientific position)",Yes,"R, Python",R
05/12/2022 15:04:37,N/A,,Bachelors,A few (2-4),R,Business (any for-profit & non education institution),Yes,"Stata, R, Python",Stata
05/12/2022 15:12:48,University of Chicago,01/06/2022,"Masters (MA, MS, MPhil, MBA)",,"R, Other (such as SPSS, SAS, Julia, Matlab)","Work in academia (research institution, university other educational institution; in any scientific position)",Yes,"R, Python, Other (such as SPSS, SAS, Julia, Matlab)",R
05/12/2022 15:31:06,Fgv/ebape,15/12/2017,"Masters (MA, MS, MPhil, MBA)",Many (5+),Stata,Study,Yes,Stata,Stata
05/12/2022 15:32:13,Aarhus,01/11/2021,Phd,Many (5+),"Other (such as SPSS, SAS, Julia, Matlab)",Business (any for-profit & non education institution),Yes,"R, Python",R
05/12/2022 15:39:06,Stanford Graduate School of Business,01/06/2019,Phd,Many (5+),"R, Other (such as SPSS, SAS, Julia, Matlab)",Business (any for-profit & non education institution),Yes,"R, Python",R
05/12/2022 15:47:29,Central European University ,,Phd,A few (2-4),Python,Business (any for-profit & non education institution),Yes,"R, Python",Python
05/12/2022 16:22:00,Trinity College Dublin ,12/04/2019,"Masters (MA, MS, MPhil, MBA)",None / hardly any (0-1),"Nope, none.",Study,Yes,"Stata, R",R
05/12/2022 16:26:36,Ucsb,01/06/2023,Phd,Many (5+),"Stata, R",Study,Yes,"Stata, R",R
05/12/2022 16:45:45,"Azim Premji University, India",21/07/2021,"Masters (MA, MS, MPhil, MBA)",A few (2-4),"Stata, R, Python","Work in academia (research institution, university other educational institution; in any scientific position)",Yes,"Stata, R, Python",R
05/12/2022 17:09:44,Eberhard Karls Universität Tübingen,24/06/2021,"Masters (MA, MS, MPhil, MBA)",Many (5+),Stata,"Work in academia (research institution, university other educational institution; in any scientific position)",Yes,"Stata, R",Stata
05/12/2022 18:29:26,University of Freiburg (Germany),17/11/2017,"Masters (MA, MS, MPhil, MBA)",Many (5+),"Stata, R, Other (such as SPSS, SAS, Julia, Matlab)","Work in academia (research institution, university other educational institution; in any scientific position)",Yes,Stata,Stata
05/12/2022 18:52:17,Northwestern University,21/06/2019,"Masters (MA, MS, MPhil, MBA)",Many (5+),"R, Python",Business (any for-profit & non education institution),Yes,R,R
05/12/2022 19:33:07,University of Delhi,01/06/2022,"Masters (MA, MS, MPhil, MBA)",Many (5+),"Stata, Python","Work in academia (research institution, university other educational institution; in any scientific position)",Yes,"Stata, Python",Stata
05/12/2022 20:49:40,University of New England (Australia),01/06/2022,"Masters (MA, MS, MPhil, MBA)",Many (5+),R,Study,Yes,R,R
05/12/2022 20:55:49,"Universidad católica del Norte, Chile",07/12/2018,"Masters (MA, MS, MPhil, MBA)",A few (2-4),"Stata, R",Study,Yes,"Stata, R, Python",Stata
05/12/2022 22:49:41,Paris - Dauphine ,21/11/2017,Phd,A few (2-4),Stata,"Work in academia (research institution, university other educational institution; in any scientific position)",Yes,"Stata, Other (such as SPSS, SAS, Julia, Matlab)",Stata
05/12/2022 23:27:17,Université de Montréal,01/01/1999,Phd,None / hardly any (0-1),"Other (such as SPSS, SAS, Julia, Matlab)","Work in academia (research institution, university other educational institution; in any scientific position)",Yes,"Stata, R, Python, Other (such as SPSS, SAS, Julia, Matlab)","Other (such as SPSS, SAS, Julia, Matlab)"
05/12/2022 23:57:27,UC Berkeley ,30/06/2019,Phd,Many (5+),"Stata, R","Work in academia (research institution, university other educational institution; in any scientific position)",Yes,R,R
06/12/2022 00:22:15,paris-saclay,29/06/2023,"Masters (MA, MS, MPhil, MBA)",A few (2-4),"Stata, R",Study,Yes,"Stata, R",Stata
06/12/2022 01:26:26,Ernest Bai Koroma University of Science and Technology,20/01/2020,"Masters (MA, MS, MPhil, MBA)",A few (2-4),"Stata, Other (such as SPSS, SAS, Julia, Matlab)","Work in academia (research institution, university other educational institution; in any scientific position)",Yes,Stata,"Other (such as SPSS, SAS, Julia, Matlab)"
06/12/2022 01:27:29,University of Rajshahi ,06/12/2022,"Masters (MA, MS, MPhil, MBA)",None / hardly any (0-1),"Other (such as SPSS, SAS, Julia, Matlab)",Study,Yes,"Nope, none.","Other (such as SPSS, SAS, Julia, Matlab)"
06/12/2022 02:03:53,METU,05/07/2020,"Masters (MA, MS, MPhil, MBA)",A few (2-4),"Stata, Other (such as SPSS, SAS, Julia, Matlab)",Study,Yes,"Stata, R, Other (such as SPSS, SAS, Julia, Matlab)","Other (such as SPSS, SAS, Julia, Matlab)"
06/12/2022 04:00:00,Tokyo University of Agriculture and Technology,17/03/2017,Phd,A few (2-4),"R, Python","Work in academia (research institution, university other educational institution; in any scientific position)",Yes,R,R
06/12/2022 04:45:33,Stony Brook University,01/07/2017,Phd,Many (5+),"Stata, R","Work in academia (research institution, university other educational institution; in any scientific position)",Yes,"Stata, R",Stata
06/12/2022 05:13:11,Kongju National University if Republic Korea,20/08/2020,"Masters (MA, MS, MPhil, MBA)",A few (2-4),"Stata, R","Work in academia (research institution, university other educational institution; in any scientific position)",No,"Nope, none.",Stata
06/12/2022 05:18:36,Washington State University ,15/05/2016,Phd,Many (5+),"Nope, none.","Work in academia (research institution, university other educational institution; in any scientific position)",Yes,"R, Python, Other (such as SPSS, SAS, Julia, Matlab)",Python
06/12/2022 06:22:08,Benue state University,07/05/2009,Bsc,,"Nope, none.",Business (any for-profit & non education institution),No,"Nope, none.","Other (such as SPSS, SAS, Julia, Matlab)"
06/12/2022 06:24:35,University of Tsukuba,25/03/2022,"Masters (MA, MS, MPhil, MBA)",A few (2-4),"Stata, Other (such as SPSS, SAS, Julia, Matlab)","Government, NGO",Yes,"Stata, Other (such as SPSS, SAS, Julia, Matlab)",Stata
06/12/2022 06:55:40,Uppsala,01/10/2004,Phd,A few (2-4),Stata,"Government, NGO",Yes,Stata,Stata
06/12/2022 07:10:02,The Catholic University of Malawi,25/09/2021,Bachelor's Degree,A few (2-4),Stata,"Government, NGO",Just a little,"Stata, R",R
06/12/2022 08:01:43,Clemson,09/05/2010,Phd,Many (5+),"Stata, Other (such as SPSS, SAS, Julia, Matlab)","Government, NGO",Yes,Stata,Stata
06/12/2022 08:38:18,University of Isfahan ,,"Masters (MA, MS, MPhil, MBA)",A few (2-4),R,Study,Yes,"Stata, R",R
06/12/2022 09:40:45,University of Mannheim ,,Phd,Many (5+),"Stata, R, Other (such as SPSS, SAS, Julia, Matlab)","Work in academia (research institution, university other educational institution; in any scientific position)",Yes,"Stata, R",Stata
06/12/2022 10:07:53,Harvard,01/06/2017,Phd,A few (2-4),"Nope, none.","Work in academia (research institution, university other educational institution; in any scientific position)",Yes,"R, Other (such as SPSS, SAS, Julia, Matlab)",R
06/12/2022 11:37:16,Central European University ,25/06/2022,"Masters (MA, MS, MPhil, MBA)",Many (5+),"Stata, R, Python",Business (any for-profit & non education institution),Yes,"Stata, R, Python",Stata
06/12/2022 13:09:20,Corvinus University of Budapest,30/06/2010,"Masters (MA, MS, MPhil, MBA)",None / hardly any (0-1),"Other (such as SPSS, SAS, Julia, Matlab)",Study,Just a little,"Stata, Python, Other (such as SPSS, SAS, Julia, Matlab)","Other (such as SPSS, SAS, Julia, Matlab)"
06/12/2022 13:56:23,Urgench state univeristy,06/06/2008,"Masters (MA, MS, MPhil, MBA)",None / hardly any (0-1),"Nope, none.",Study,Just a little,R,R
06/12/2022 13:59:46,University of Bologna,13/07/2023,"Masters (MA, MS, MPhil, MBA)",Many (5+),"Stata, R",Study,Yes,"Stata, R, Python, Other (such as SPSS, SAS, Julia, Matlab)",Stata
06/12/2022 20:19:43,McGill University,,Phd,Many (5+),"Stata, Other (such as SPSS, SAS, Julia, Matlab)","Work in academia (research institution, university other educational institution; in any scientific position)",Yes,"Stata, R",Stata